Returns,Price
111.9450524,111.9450524
110.6262185,110.0961261
112.2004844,111.1404962
120.2818239,118.60335
126.7573712,124.4337883
128.2682677,125.3535046
126.4498033,123.012879
130.6907184,126.5660277
129.5374258,124.8900531
121.527872,116.6173739
123.425366,117.8877157
123.8041183,117.7114128
127.5114945,120.6914486
128.619349,121.1881212
131.4530946,123.3076612
132.7480164,123.9772507
133.338933,123.9772507
133.6209685,123.6769513
135.4319998,124.7756095
133.4841552,122.4007999
130.7787554,119.3374092
134.9076908,122.5026708
131.1210659,118.4724693
136.9471311,123.1293761
138.7084908,124.100811
137.4523908,122.3730488
137.0687251,121.4225785
135.884015,119.7592555
139.8743821,122.6436587
142.8644688,124.6085829
143.3366197,124.3583648
144.1056961,124.3583648
133.8667979,114.8500794
125.8507512,107.279336
126.0743359,106.7488
135.5383307,114.0524865
141.5302349,118.3958524
146.6174268,121.9528094
145.3192517,120.1743309
144.3910771,118.6971579
142.6018676,116.5111412
146.2961504,118.7970177
146.0203746,117.8464475
148.4358537,119.0633788
151.6735485,120.9279059
154.7547517,122.6400171
158.3578822,124.744773
158.2712532,123.9258795
159.2226819,123.9258795
159.8218127,123.652915
162.8868282,125.2907019
164.6029222,125.8887593
163.1801079,124.0662279
163.6018865,123.6458788
164.9481159,123.9281753
165.2586865,123.4384222
166.1269548,123.3635822
164.4321051,121.3875066
169.5220757,124.4272798
171.974727,125.5094804
178.0489504,129.2182134
181.44226,130.956575
182.0443914,130.6668481
177.7497298,126.8535258
178.5406106,126.6604103
183.3750907,129.3111082
182.2704215,127.7531431
174.1807151,121.3113756
163.1268792,112.8481735
160.3785996,110.1963082
156.984673,107.1204455
154.4197925,104.6395444
151.4904027,101.9585024
147.3750275,98.49642995
147.4591182,97.85166939
134.0234752,88.27715152
132.5781281,86.70045032
131.0499193,85.0648977
136.4659433,87.97389835
152.6537341,97.80369643
164.6695382,104.9151902
169.1094322,107.1818765
170.7503299,107.6736039
171.0558648,107.3433168
177.2028774,110.6639124
176.0556155,109.4075725
184.0782177,113.8441022
192.1196889,118.264837
200.0424231,122.573687
209.8199292,127.9861138
212.6565945,129.1467689
209.4034333,126.6105449
214.5752935,129.1794546
215.4543929,129.1467689
218.2184022,130.2380688
222.9725539,132.4993784
229.6817469,135.9114148
236.2856573,139.2458892
236.1300367,138.5689005
247.747997,144.7891758
259.9508454,151.3181306
265.4006796,153.8752528
268.6725309,155.1586923
271.738878,156.3108608
273.3055847,156.6090129
287.9795104,164.4414809
289.0066055,164.476657
280.8863695,159.3156593
284.3441006,160.7394753
290.3258992,163.5705032
294.1101784,165.1443069
299.7808831,167.7347795
285.5356432,159.1386722
293.8171123,163.1015817
308.5130795,170.5926773
320.8289709,176.7217555
318.191876,174.5810673
328.6856557,179.6365036
343.7544406,187.1630924
355.5829038,192.8876831
382.0594971,206.5132873
378.3908834,203.7871583
384.0892334,206.0991682
380.4919513,203.4058514
403.0611981,214.6866336
409.5205122,217.3289306
392.8103995,207.6570991
377.5991255,198.8140714
367.9047581,192.9252157
360.172164,188.0802891
367.4551266,191.0731336
358.3528456,185.5168874
354.5765261,182.7387643
345.1609387,177.0707112
346.1544935,176.7648896
344.5604867,175.1428641
338.870389,171.4498419
335.6208303,169.0122585
359.3427229,180.1574521
368.3705603,183.8900982
383.9116865,190.8326836
378.5994709,187.3689695
367.4810621,181.0355515
374.5968773,183.7022574
374.3873425,182.7585815
364.2708362,176.9848421
374.0097695,180.8712295
387.2565211,186.4217384
386.1554466,185.0253536
403.0527186,192.2271088
406.8385991,193.1176671
390.3112248,184.3549108
400.628813,188.2989033
391.7438609,183.1913381
403.7260602,187.8507377
392.7973879,181.8293207
383.0405901,176.3812512
395.4062199,181.148312
395.932685,180.4673033
388.0149027,175.9216701
366.3448095,165.1445922
353.4767839,158.3967486
359.4415058,160.1173373
384.1343045,170.1695468
378.2173769,166.5956252
372.0985024,162.9422665
375.0658079,163.2667434
380.7586719,164.7641174
374.2094473,160.9677091
383.4681848,164.017395
395.4744786,168.2166021
392.1677329,165.9030398
398.9522645,167.8639121
408.8413528,171.1129247
421.1135938,175.3671638
446.79035,185.1971618
448.472994,185.0407209
476.5363122,195.7850208
503.4491438,206.0367575
489.8647042,199.709208
503.442871,204.4639578
515.0341591,208.395957
512.3468768,206.5293207
513.5433461,206.2285318
518.0860219,207.2556142
550.6849255,219.4951784
554.0582397,220.0542677
553.2646117,218.9687317
569.6204324,224.6774137
586.017265,230.3860957
602.4542713,236.0947777
581.5740555,227.173617
563.5539077,219.4055547
554.8027218,215.2699244
569.7201386,220.3213847
584.7083668,225.372845
596.7427739,229.2585837
588.4524239,225.3035535
583.0481293,222.4468021
563.7401744,214.2939558
565.3194622,214.0901243
542.0207213,204.4639578
548.0691675,205.9441515
534.5433061,200.0707139
534.553786,199.2980246
539.7379319,200.4503547
521.3803681,192.8575383
531.6258471,195.8686463
547.3863606,200.8926912
538.9037923,196.9931594
548.4934754,199.7269695
562.336533,204.0012821
578.3586612,209.0527424
570.512611,205.4700505
554.3936668,198.9317915
545.8414744,195.1353832
578.4360532,206.0367575
594.2333719,210.9066281
591.1483503,209.0480625
592.1611237,208.6452724
625.5743559,219.6414079
638.3621776,223.357146
627.5871117,218.8156883
638.0794604,221.7057068
647.6345894,224.2696507
638.0348785,220.1920207
634.3011929,218.1532057
625.1991892,214.2843338
650.2648355,222.1185666
645.2287076,219.6414079
642.6008964,217.9899687
658.2196682,222.5314264
680.0456517,229.1628067
677.4238861,227.5317547
674.7935066,225.9007027
637.5778791,212.7211561
621.7300203,206.7212992
595.8246028,197.3955263
567.941456,187.4283431
556.8881015,183.0510357
595.3355898,194.9504089
597.6817752,194.9891467
581.9293195,189.129161
596.4043507,193.1212137
603.302279,194.6339598
607.8206391,195.353199
607.5011552,194.5029516
630.2134626,201.0271596
692.2357003,220.0542677
694.6167487,220.0542677
695.271427,219.4951784
718.8885834,226.1845552
753.712939,236.3488967
757.6262731,236.7778421
788.9262668,245.7341814
800.8619592,248.6087007
803.5973988,248.6087007
802.0344475,247.2696951
783.6492558,240.7623646
787.3561329,241.0672957
770.4858836,235.0620606
788.7251685,239.7804596
768.7380785,232.8739321
753.6769537,227.4857439
742.2649374,223.2426761
722.9885219,216.6531553
716.4557243,213.8815437
728.0705758,216.5221537
674.7474823,199.824138
662.0812622,195.2085453
619.142438,181.6582462
632.3363544,184.599221
653.6171944,189.9154393
667.3751994,193.0254147
698.9919284,201.2554138
686.8645964,196.8338187
694.8279715,198.1727926
717.7070575,203.7549857
763.8014584,215.8836989
777.3034698,218.7557659
751.6952608,210.6182428
744.719301,207.7461759
732.5175157,203.4380755
741.8006026,205.1505678
746.1503985,205.5125256
746.5790234,204.7785178
749.6367289,204.7785178
756.5578063,205.8314646
750.8147114,203.4380755
743.2579822,200.5660085
746.2883698,200.5660085
748.8097388,200.4664592
781.9535839,208.5790217
789.2355915,209.7775392
806.2638912,213.5559615
832.4246867,219.7332584
840.4621902,221.1094584
831.0651138,217.8983252
805.8663447,210.5585921
771.9634961,200.9638215
776.7872205,201.4756384
824.1600788,213.011632
814.0895835,209.6608872
836.5401483,214.6871173
848.1586875,216.9055862
848.3710315,216.1883848
796.3984867,202.1761747
754.0701043,190.6661449
796.6638498,200.6748665
793.5067654,199.1441586
826.3103539,206.6658774
798.9553308,199.1164389
825.377284,204.9727681
820.4876082,203.0298983
825.3948307,203.5156157
814.7224434,200.1447
834.1959982,204.177919
876.1102579,213.6862044
918.1717574,223.1944899
938.3107129,227.3719667
958.9133895,231.6666275
944.2936089,227.4268331
913.9273207,219.4055547
936.5298243,224.1239538
965.146561,230.2578725
952.5810322,226.5494932
912.5641527,216.3152245
899.9174527,212.5936723
898.7879297,211.6448945
1002.745963,235.3881798
1024.302484,239.6946706
1065.861003,248.6596287
1067.12507,248.1877888
1048.134233,242.9975499
1086.096027,251.0188282
1140.574683,262.8346276
1230.757467,282.837971
1245.630246,285.4953638
1266.727985,289.5674054
1268.538892,289.2252029
1219.014324,277.1741528
1178.953563,267.3129895
1206.978434,272.9219585
1224.9234,276.2408157
1169.338955,262.9916858
1152.611391,258.5217428
1163.2353,260.2024053
1074.058085,239.5580945
1091.565053,242.7415908
1101.335781,244.1771496
1113.639351,246.1431492
1131.429117,249.2887486
1107.951821,243.2852211
1092.150794,238.9491187
1082.858606,236.0349992
1115.402354,242.2112227
1080.120469,233.6182586
1137.523933,245.0655637
1231.095213,264.2304248
1326.311932,283.6346752
1352.867431,288.2884419
1409.548459,299.3233472
1465.039304,310.0577018
1613.088961,340.322048
1536.93128,323.1805198
1695.164286,355.3731459
1566.834709,327.3978129
1574.052732,327.841453
1552.197156,322.2320809
1539.855572,318.60697
1559.09939,321.5331236
1520.837965,312.5939355
1577.248986,323.1248717
1596.053277,325.9104309
1603.239414,326.308368
1643.452076,333.4335312
1625.460503,328.7334946
1602.210409,322.9912382
1643.580205,330.2883055
1712.651408,343.1107278
1701.805463,339.8897097
1545.398285,307.6694127
1541.101014,305.7957976
1493.920006,295.4246049
1557.824834,307.0586033
1553.732322,305.2438361
1548.98441,303.2632842
1491.100384,290.8775313
1501.803281,291.8826885
1424.407717,275.7523294
1364.589536,263.0784759
1326.462373,254.6292401
1285.255285,245.6276127
1263.807913,240.4191619
1288.688144,244.0243908
1354.182778,255.293033
1351.020718,253.60007
1290.736395,241.2224132
1307.067931,243.2111487
1360.463759,252.0815067
1368.941097,252.573016
1376.838834,252.9615898
1439.700726,263.4530843
1476.888242,269.2233746
1530.023536,277.8970827
1625.418343,294.2216381
1680.360789,303.1980178
1702.128008,306.166909
1744.624471,312.8469143
1826.600781,326.5780363
1905.336067,339.6698913
1887.733639,335.541307
1821.124762,322.6946999
1848.263091,326.4911081
1912.05145,336.7414103
1966.388365,345.299779
2001.336313,350.40848
2035.427332,355.3438107
2007.425078,349.4283634
2039.782978,354.0402802
2116.32473,366.2869566
2107.420942,363.6891768
2062.037919,354.782503
2040.348055,349.9580548
1970.58664,336.8941457
2002.87521,341.2979907
2025.349359,343.954586
2133.11801,361.0913969
2181.360485,368.0880481
2076.987922,349.3142807
2103.839601,352.6636129
2069.575617,345.7487548
2039.454695,339.5230755
1940.935907,321.9436096
1776.056651,293.3945226
1791.890498,294.8000053
1701.167658,278.6796659
1636.873275,266.9554072
1706.873618,277.1705375
1586.419155,256.3997724
1577.114129,253.6757377
1398.86225,223.787314
1380.722648,219.6066786
1491.237447,235.8679161
1580.230929,248.6231008
1547.901529,242.2114773
1619.628784,252.1201286
1696.388035,262.7782846
1796.033259,276.9334684
1806.625854,277.2964219
1860.598328,284.3339263
1948.563674,296.5401807
1935.39239,293.3091134
1945.971836,293.7087693
2063.458412,310.2603155
2095.686259,313.9471701
2132.904764,318.3418413
2057.778531,305.9507305
2093.828628,310.122786
2150.542289,317.3500503
2207.325096,324.5590112
2231.538298,326.9515696
2271.449816,331.6223063
2311.070363,336.2322969
2298.505294,333.2324157
2270.698847,328.0432179
2245.869217,323.3003913
2258.709559,323.9954198
2239.88827,320.1245525
2168.13259,308.6915328
2187.918901,310.3466597
2123.399358,300.0372954
2136.611854,300.718079
2061.919665,289.0013321
1966.329296,274.3924736
2042.489431,283.7910536
2085.483435,288.5167732
2256.892511,310.9376152
2310.593224,317.009546
2255.78592,308.156433
2320.385314,315.6475286
2445.879188,331.3425567
2401.949024,324.0296373
2480.045399,333.158944
2543.961799,340.3390936
2605.458766,347.1602358
2577.238912,342.0091231
2387.578085,315.4929057
2244.229397,295.2172679
2267.310187,296.9197896
2393.154327,312.052416
2439.458969,316.7285404
2427.08901,313.7726608
2391.365874,307.8159287
2420.639425,310.2703671
2432.676007,310.5360106
2440.16344,310.2121983
2474.510855,313.2842534
2487.335434,313.6112725
2529.648387,317.6598816
2528.012838,316.1785071
2533.104331,315.5371714
2515.067118,312.009825
2458.813418,303.735952
2424.552986,298.2211071
2348.948646,287.6390679
2314.905912,282.1877143
2322.797637,281.8670464
2293.348236,276.9975232
2166.405294,260.3823
2184.137974,261.2438924
2253.138687,268.2273258
2262.284564,268.0590885
2201.285098,259.574217
2134.63386,250.4701708
2164.014907,252.660618
2263.49051,263.0310165
2327.100503,269.1796121
2293.826808,264.1007515
2272.206838,260.3823
2273.608335,259.3393197
2272.912617,258.0696045
2135.898341,241.347456
2104.015463,236.6151529
2113.946525,236.6151529
2144.837594,238.9578772
2133.603819,236.6151529
2071.962341,228.6901559
2118.494575,232.7350158
2121.126573,231.919821
2207.934287,240.2935924
2360.629495,255.803163
2292.851916,247.3587401
2329.023217,250.1590277
2330.611626,249.2255985
2439.885111,259.8044629
2540.877362,269.449898
2665.78933,281.5966794
2742.664032,288.6259777
2758.851355,289.2361806
2699.678239,281.9225466
2672.953932,277.9943654
2649.955276,274.44893
2607.620589,268.8951241
2651.705013,272.2560014
2664.348922,272.3539
2639.342186,268.5712069
2647.160759,268.1253991
2717.965727,274.052573
2764.976205,277.5451248
2791.962569,279.003343
2669.395579,265.4908707
2597.31243,257.0440654
2402.314009,236.4765113
2489.939942,243.8091163
2348.517314,228.7074417
2246.572222,217.5230367
2269.952073,218.5277446
2255.176028,215.8044574
2168.415069,206.1992988
2031.242573,191.8606421
1906.438433,178.7758933
1761.618618,163.8779022
1690.901269,155.9803358
1768.223295,161.8410675
1822.849946,165.5965202
1812.39686,163.41234
1782.983865,159.5616158
1814.711296,161.2450676
1805.058488,159.2650357
1783.581349,156.2947877
1776.974435,154.6785136
1745.319008,150.9222248
1796.44477,154.3775231
1819.094648,155.3921025
1771.962192,150.4612455
1771.339762,149.5089591
1821.825626,152.8595963
1865.076222,155.5943012
1902.938124,157.8799554
2020.745378,166.7966192
2085.137394,171.259405
2101.205704,171.7563388
1936.416524,157.4823398
1965.698376,159.0692722
2041.407735,164.4193434
1947.588788,156.1080462
1859.5232,148.3148222
1811.598238,143.7755044
1653.696745,130.5364846
1760.939088,138.303884
1703.689724,133.1324483
1581.947866,122.9558869
1540.539912,119.0859158
1554.433591,119.5073603
1538.970023,117.651931
1626.36943,123.6591458
1645.503127,124.4384653
1578.813225,118.7183667
1476.187972,110.3130487
1582.994091,117.5973418
1632.730171,120.5780853
1609.437289,118.1459541
1644.039292,119.9722981
1742.203879,126.4119797
1621.781919,116.952669
1617.559751,115.9368297
1607.583148,114.5164703
1676.215199,118.698414
1708.934362,120.31458
1821.030346,127.5078603
1906.358063,132.78615
1959.136272,135.743068
2012.549573,138.7182586
2123.844419,145.6484928
2263.712196,154.4927811
2362.992014,160.5144243
2352.026586,159.0090135
2365.907508,159.1848688
2496.015505,167.1606768
2572.749844,171.5148054
2625.598806,174.2512976
2492.197449,164.6095
2483.785109,163.2635805
2544.853316,166.4800625
2665.740997,173.5882
2721.157577,176.3940438
2622.744994,169.2139615
2511.261519,161.218137
2413.944953,154.1695606
2318.211643,147.2611203
2355.956435,148.8573947
2369.368494,148.9054753
2333.6744,145.86495
2416.217597,150.22455
2510.928262,155.31075
2606.169778,160.39695
2646.389742,162.0603148
2624.228464,159.8838684
2592.553149,157.12725
2597.085033,156.5726832
2659.942463,159.5303726
2780.786658,165.9484289
2907.19466,172.6551194
2876.397541,169.9914693
2836.660362,166.8106735
3009.311898,176.1286849
3167.531802,184.5564
3312.871422,192.1857
3375.130352,194.9474137
3282.30517,188.73435
3281.44179,187.8218756
3382.298958,192.73065
3418.621366,193.93992
3488.987214,197.0748559
3551.414416,199.7380297
3648.946778,204.3541975
3785.047843,211.1009042
3853.328059,214.0422317
3953.869204,218.7492218
4030.225526,222.0848841
4052.925413,222.4360064
3815.736429,208.5025643
3705.261854,201.5442268
3769.286479,204.0888775
3988.554531,215.0068924
4222.145166,226.622388
4433.158209,236.9551172
4493.706249,239.192568
4386.408259,232.4769085
4437.628132,234.1817432
4557.905012,239.5080907
4599.079793,240.62916
4735.490871,246.7078431
4856.714612,251.94855
4996.682186,258.12465
5160.347556,265.4908707
5188.760184,265.8664491
5417.493172,276.4713
5761.158532,292.8778858
6075.351795,307.7151
5970.210861,301.2508655
6164.417642,309.8949
6332.138462,317.1609
6380.998563,318.43245
6402.33343,318.2975404
6770.442958,335.3885746
7221.703802,356.5226491
7426.544602,365.4122093
7129.157092,349.5392158
7207.142399,352.1120596
7466.16632,363.5060825
7924.262492,384.55305
8158.476206,394.645186
8736.47214,421.3202773
8848.851996,425.4381096
9529.875954,456.8635596
9607.502659,459.2526289
9862.531276,470.0877609
9891.304938,470.0801041
10010.10141,474.3394394
10171.00653,480.5704781
10978.67071,517.3392
11633.03495,546.7665
12127.08466,568.5645
10875.30864,508.43835
8027.291053,373.8357
8427.376973,390.991064
8631.497559,398.9745728
9258.546318,426.4618421
9697.264967,445.1628834
10284.96075,470.6423276
9761.147018,445.1628834
8859.985559,402.54505
8808.946494,398.6867331
8782.9651,395.96067
8760.062176,393.3860548
7634.754686,341.2994327
7159.047703,318.4701091
6841.238802,302.7383413
7173.190148,315.8356547
7855.299457,344.2788153
8093.336616,353.1334221
7405.447236,321.5533142
6814.516582,294.3311755
6719.266468,288.6562858
6977.908167,298.2296017
6803.959581,289.2806325
5864.627003,247.842049
5150.67129,216.1817869
5327.425744,222.1159357
4392.490516,181.6649301
4445.377921,182.399465
4505.114974,183.4265628
4587.831262,185.410155
3546.431979,141.9797309
3189.811339,126.3899485
2813.794492,110.2201445
2986.500715,115.7658121
4552.303736,175.2841767
5060.33347,193.7121022
4423.19022,168.2324842
4440.356963,167.8404716
4354.72786,163.6042511
4624.064596,172.7181709
4167.463701,154.6528051
4214.26057,155.3813917
4687.772994,171.8423417
6061.843852,221.2251917
7071.272234,257.0948232
7435.15761,269.3952698
7036.062182,254.0223875
7001.717142,251.8797432
6344.892543,227.3583693
6522.339145,232.8340159
6673.504469,237.3573761
7079.626597,250.9274568
7570.91426,267.4707474
7207.667545,253.7664158
7353.25818,258.0194842
6630.737715,231.7922289
6693.346133,233.1111739
6401.875823,222.0888146
6176.914448,213.4116381
5963.882188,205.1897029
6080.695941,208.3390944
6275.980266,214.1586222
6389.824043,217.1639306
6321.35222,213.9703434
6110.876334,205.9857964
5748.510894,192.9109741
6159.618472,205.8594696
6668.566772,222.0276359
6997.414605,232.1354409
7389.232946,244.2927318
7914.226961,260.8082967
8106.804163,266.313485
8349.44968,273.4243533
9094.429889,296.9477304
9121.745725,296.9477304
9653.381213,313.3436174
10236.25555,331.3335489
10560.18411,340.8629102
10604.99425,341.3216759
10073.63587,323.200431
10459.03068,334.521638
11032.33068,351.7841741
11206.36522,356.2299225
11369.36476,360.2703375
12002.57031,379.1256075
12377.03375,389.67558
12205.92268,382.941555
12539.0815,392.0380606
12953.72423,403.6275883
12892.68615,400.3425285
12084.19885,373.8090241
11511.73321,354.627474
11129.18946,341.3153042
11757.73988,359.117039
11925.27957,362.8014021
10212.21566,309.3039154
8773.124729,264.3181685
8104.087334,242.7345103
8077.790589,240.4919854
8456.272462,250.2970701
8362.302705,246.0545872
7858.59516,229.7846734
7533.725796,218.8716201
7704.36059,222.4297809
7929.521429,227.5559181
9552.273072,272.7996511
9651.559157,274.3597798
9255.617859,261.87875
10401.33113,293.154555
10446.46197,293.3790225
10176.70826,284.8492575
10058.64381,280.584375
10084.85581,280.3421439
10111.96563,280.1160615
8938.68819,246.6214663
9305.057961,255.7302924
9507.371851,260.2847054
9777.703947,266.6608837
9674.026329,262.7896326
10515.6596,284.6120543
10738.67182,289.563075
10588.82988,284.4003225
10381.2877,277.6662975
10440.71141,278.0813201
10342.7245,274.299285
10327.91291,272.7280125
10475.01603,275.4216225
9078.015207,237.486615
8284.504821,215.5206394
8667.005863,224.2430325
8897.152391,228.95685
9320.930156,238.6089525
9457.572829,240.8536275
9727.138628,246.465315
9311.437666,234.6879351
9378.740952,235.1336862
8842.14266,220.4239011
8883.445196,220.199456
8596.972942,211.8470895
8401.970375,205.793051
8568.711492,208.6478857
9058.407867,219.3368143
8943.835194,215.3381507
8901.727835,213.1103364
8483.892721,201.9033814
8084.866994,191.2054977
7560.488576,177.6044787
7658.970398,178.744757
7421.346174,172.044394
6979.095071,160.6626131
6695.510931,153.0282783
6736.373744,152.8857782
7122.886992,160.5975451
7388.714672,165.5584683
7346.29565,163.6027973
7467.451088,165.3169127
7965.230504,175.3803557
8087.728684,177.1422688
8124.06315,177.0238367
8652.440157,187.622953
9209.117633,198.7799175
9411.759324,202.2556578
9655.859109,206.6133034
10019.59368,213.513486
10237.99105,217.28454
10551.6506,223.0484526
10131.18307,213.2571
10330.35885,216.5466353
10278.90328,214.559969
9846.77021,204.6266371
10021.31211,207.3357276
10388.91538,214.0181509
10363.832,212.5733026
10699.90075,218.5333017
10499.79026,213.513486
10731.3528,217.28454
11219.33054,226.2275293
11492.98058,230.8083898
11371.91139,227.4350364
11232.83259,223.7065932
11556.74231,229.2104856
11523.91913,227.6125814
11757.12856,231.2771882
12155.26539,238.1625396
12609.29827,246.1071758
12649.24882,245.9306284
13016.25562,252.1097899
13482.0979,260.1816587
13624.7678,261.9944975
13394.02654,256.6122381
13488.92861,257.4803445
14457.62106,275.0160928
15110.22201,286.4750967
15655.10577,295.8506453
15884.30794,299.2324442
16567.66826,311.1464885
16757.30034,313.7336362
16130.83758,301.0317697
17129.18796,318.6950527
17124.85451,317.6518459
16884.32268,312.2378936
15540.30429,286.4794811
14985.49742,275.3616163
12698.7233,232.4559022
12221.81453,222.848744
11933.79364,216.7323289
12224.5201,221.1474691
12337.18639,222.3167881
12864.19129,230.9405163
12165.62429,217.5387315
11765.27501,209.503
11605.89764,205.7721247
12006.99787,211.9789445
12695.95724,223.2339399
12332.0655,215.9277587
11803.21522,205.7683813
12161.56134,211.0970446
12021.613,207.7344682
11735.3697,201.8480827
11486.81616,196.641107
11069.44587,188.5527
11330.28218,192.0444167
12051.94931,203.3411471
12641.21429,212.3518902
13111.37388,219.3261697
12697.16199,211.4778234
12331.08591,204.4578257
12247.92457,202.1490171
12691.5412,208.5155883
12145.01607,198.5517068
12177.46418,198.0716122
12428.56334,201.12288
12117.09675,195.0226456
12298.94891,196.8712015
12299.05627,195.7844981
12329.07495,195.1546853
11675.24398,183.6876722
12511.6785,195.7129291
12979.17561,201.8887103
13167.19313,203.6737324
13697.86909,210.6963715
13908.33347,212.7159662
14483.29291,220.2444674
14928.1865,225.7283387
15305.51823,230.1412743
15450.98727,231.030321
15974.92565,237.5550966
16530.95186,244.5085646
16818.57638,247.4424088
15495.68184,226.628349
16391.4114,238.3419932
16998.13587,245.7367156
17659.39282,253.8307689
17657.47955,252.2941998
17482.97949,248.261055
18587.65807,262.4148797
19163.43359,269.0116342
18878.01907,263.4622029
19242.64281,266.9945209
19289.80108,266.0849878
19069.89911,261.4743041
19520.22231,266.0849878
20488.4694,277.7330311
20968.03086,282.708646
20891.21244,280.1902718
20263.04255,270.3302915
20913.24172,277.6112394
21715.26811,286.8609945
21589.19744,283.7849572
21751.3058,284.5018876
21713.6599,282.5909784
21814.27079,282.4719426
22437.88257,289.11414
23019.5953,295.187373
23222.28644,296.3643562
22964.82464,291.6564236
22593.86812,285.5361112
23421.4508,294.5988815
24476.49218,306.4864112
24811.45804,309.2925868
24712.44753,306.6649574
24855.17147,307.0479118
23743.69631,291.9258908
23892.23131,292.3626135
23063.62691,280.8356446
23504.99764,284.8224554
23628.1103,284.9318682
22657.73349,271.847666
23368.47507,278.9881617
24091.39076,286.2169238
24534.70512,290.0720905
25277.15827,297.4319543
25954.20503,303.9740554
26625.00453,310.3993333
27913.16193,323.9870088
29038.71491,335.6331519
29393.31808,338.3200862
30704.02984,351.9884046
31439.72832,358.9977987
32422.21506,368.7800009
33303.07269,377.3399183
34737.84644,392.1145701
36597.09801,411.5910062
37391.29707,419.006
38777.13215,433.0120994
38608.4901,429.5988483
40079.07955,444.428836
40047.82703,442.5456629
42509.09973,468.2038955
45589.28697,500.5792763
45454.31409,497.5305386
47467.95781,517.9942204
45225.76143,491.9426392
48422.07771,525.1204377
49204.65999,532.0047263
48032.47492,517.699111
48491.22223,520.982367
51988.27282,556.8636644
52565.12823,561.3356403
50886.03844,541.6816456
50381.63519,534.5792542
52890.31771,559.4647631
52934.12098,558.17585
51113.05711,537.214627
50438.52943,528.4046575
50076.14158,522.919488
50794.25026,528.7673543
49847.84368,517.2674614
47682.9696,493.1640114
48281.08185,497.7203466
49380.02244,507.4252769
51250.63235,525.0294825
52066.21258,531.7722945
52899.65349,538.6744097
50147.07583,509.0256636
48272.75959,488.3714809
45427.21322,457.9454269
44453.16473,446.4848266
44595.46627,446.2635206
45314.23411,451.8232531
45631.6716,453.3615619
46410.3133,459.4880901
46663.11498,460.3991533
48322.08846,475.1876003
49642.56048,486.6051514
50990.52829,498.2559279
53241.42789,518.6830329
54808.7201,532.3840941
57198.45474,554.0230718
58897.84054,568.9090086
60380.29857,581.6426715
62732.85145,602.7184583
62154.21161,595.5612099
63899.00073,610.6758727
64912.38329,618.7562741
66058.99158,628.0755455
65433.50208,620.5176485
67966.82481,642.9302682
67750.97553,639.2711404
65019.95953,611.8846152
64913.96354,609.2689286
65348.93739,611.7273821
67612.68487,631.2881214
66838.95277,622.3955166
64210.9408,596.2284357
63522.1716,588.10485
64310.11432,593.6746876
63908.79347,588.2418132
66233.33414,607.9125902
64778.76869,592.8368676
65744.53382,599.9500606
63955.78456,581.9016603
62463.13912,566.6071908
64674.86669,584.956279
66415.03684,598.9817315
70019.01433,629.7744544
73081.4014,655.6108143
75563.6848,676.1744477
77769.39332,694.2071723
78751.89692,701.2726258
77901.21854,691.9926272
77360.9131,685.493816
80600.09907,712.4853697
79896.93055,704.558589
80971.96359,712.3102
84837.97793,744.573662
85826.64035,751.487261
82834.41928,723.5186105
84136.35063,733.1212953
84423.91435,733.8521198
81667.02729,708.1132028
75799.85543,655.4599654
67149.67878,578.8734382
68747.40695,590.8606886
70826.33421,606.9364139
70175.16484,599.5645066
68172.41706,580.6472127
73083.10168,620.6526375
76463.98634,647.5296671
79635.40565,672.5459793
80906.69669,681.4360737
80554.77681,676.6260005
84566.63756,708.4635875
86487.64346,722.6823157
86393.45721,720.0125162
85060.19217,707.0214435
87638.83145,726.5727821
90175.10598,745.7146686
90334.03721,745.1300693
90059.50465,740.9468114
91918.92307,754.3125005
94981.71707,777.5002112
96389.08335,787.0600568
98387.06958,801.3998252
100054.6004,812.9936806
101277.3644,820.9263184
100598.4031,813.4122929
104248.9422,840.9086653
103305.4572,831.2538387
104999.2637,842.8285481
107070.0441,857.3792387
107728.9421,860.5738615
106125.5326,845.6669173
109120.8644,867.4229981
110186.6185,873.7685216
110204.9202,871.7801353
111567.1883,880.4130053
113502.3132,893.5236229
107702.4766,845.7026165
107815.0541,844.4097973
110100.9687,860.1225223
114062.0916,888.8628864
116543.347,905.9848188
117799.4494,913.5189961
117182.6414,906.4957637
119505.514,922.2084887
118249.5664,910.2578002
113330.3388,870.1227402
116370.7109,891.1985201
110545.1171,844.3035762
109589.074,834.7142676
109274.0928,830.0186548
102341.8988,775.0649977
99043.6514,747.7719463
97885.24605,736.7309904
103088.1807,773.6009713
103825.3734,776.8485862
108114.7285,806.6502287
112148.4939,834.4459915
114754.4632,851.5344664
116687.3136,863.5827589
118729.6664,876.4103661
117199.0634,862.8314995
119176.9808,875.1141031
121022.0946,886.3853046
122658.2563,896.0929656
122413.4182,892.0351772
118534.0561,861.5036086
121861.983,883.4352168
121127.1223,875.8577032
115632.7287,833.8770724
113498.9436,816.2371255
121841.1171,873.9746516
124596.6541,891.4808091
127522.8102,910.1607277
126855.4511,903.1440215
124048.1345,880.900257
128034.9419,906.9510214
130770.1524,924.0684731
132730.776,935.6617034
134059.485,942.7635
128356.5175,900.3921067
127335.9855,890.9729539
123862.1328,864.4175028
125982.1486,876.9691694
130051.2888,903.0500192
122911.7209,851.2347303
117103.6528,808.7783613
116141.0155,799.905103
116556.6574,800.5442802
117492.9547,804.7611217
118032.3655,806.2513452
111503.9577,759.4622678
110554.2564,750.8022194
106457.9138,720.8005847
108031.8781,729.2843305
104245.1485,701.5629682
92331.23188,619.2279085
91607.72557,612.229321
91614.52363,610.1371985
94597.6288,627.8643754
100064.6124,662.0187911
102033.4638,672.9353341
101726.3726,668.8224561
108458.8518,711.0205459
112916.2437,738.1822413
117307.724,764.8434711
120327.1129,782.493705
124436.3391,807.1873691
122446.6975,792.2644467
119601.9536,771.8585897
118755.407,764.4028378
116666.7661,748.973225
119567.2382,765.6102279
117051.3259,747.5261688
111933.7312,712.8736555
119367.8409,758.2632303
124646.9319,789.8416022
126632.0536,800.4739322
129635.4366,817.5171413
130951.1077,823.8768578
129622.7292,813.5867704
129979.2543,813.8965468
128707.3758,804.0115131
133259.5504,830.52975
131334.1294,816.6138314
131261.1211,814.2386099
137834.332,853.0823809
140690.9057,868.8212647
141749.9838,873.4209577
136078.986,836.5469441
133008.7356,815.7553303
129937.6818,795.0062236
125735.0824,767.382287
122398.411,745.1102172
123601.7082,750.5220339
119425.2556,723.2731064
121540.2433,734.1875044
125580.0531,756.6917566
116213.1573,698.3433333
107604.7054,644.6978682
108496.9715,648.1330471
104470.7567,622.1839624
107880.4185,640.6058259
102258.1946,605.3327306
98264.95203,579.8189509
97910.23179,575.8553379
86100.37413,504.5247853
81867.274,477.8553927
72798.52951,423.063568
73799.94972,427.0417315
75968.23845,437.7595695
70790.84597,406.10885
76608.89282,437.6642326
84243.69127,479.46258
88100.09822,499.5871349
89073.30171,503.2824431
94517.61917,532.2242566
96528.9323,541.7372351
95872.73365,536.2619687
89001.02721,496.0359704
87757.28502,487.3246981
91615.6821,506.9858117
92809.13215,511.8427272
91382.96267,502.2409757
99925.96484,547.4584689
103728.1735,566.5591882
104373.7331,568.3565286
105142.9202,570.8116497
104000.4061,562.8770867
104384.7578,563.2237342
106606.4852,573.4731856
105457.3186,565.5486037
107655.6901,575.5876693
103774.6961,553.0662098
103221.5934,548.3199207
106767.588,565.3341263
105653.341,557.6002923
102107.5329,537.0508376
101370.0504,531.3277765
99330.07733,518.7818038
98904.36037,514.6894597
99141.34548,514.0416689
99922.80335,516.2016541
97529.89514,501.9342708
96073.50764,492.5197156
93661.57538,478.2178057
94126.83622,478.6415874
93753.19971,474.7722575
89998.53867,453.783498
88560.57429,444.5527092
88099.13193,440.2537017
91634.67415,455.9395101
95782.19682,474.5973774
95395.0531,470.7069704
94613.05535,464.876634
101087.8214,494.7127659
100731.713,490.9931211
97063.50466,471.1475812
91378.32209,441.5881854
92723.9927,446.1299852
95759.57982,458.7747613
93653.94187,446.7325548
94888.72794,450.6715681
96097.66117,454.4672018
93095.40056,438.3300879
94294.69566,442.0426369
94592.19308,441.5039282
98397.46526,457.3297195
98846.05451,457.4804115
94773.51027,436.6967453
93600.17586,429.3569387
96706.52987,441.6771199
98500.97354,447.9540366
101400.9421,459.2337624
91117.9834,410.767118
89061.83646,399.6075741
92635.55684,413.7556192
97918.84103,435.4723785
102787.9629,455.2320326
105627.1151,465.9115336
107720.372,473.2523125
110253.9176,482.4992441
114399.5808,498.7641596
111930.3635,486.1294988
111043.6357,480.4120517
106535.0971,459.047529
110199.7173,472.9796542
110876.2989,474.0269899
108235.3165,460.88327
108202.1031,458.8948162
104865.9692,442.9067243
104908.8151,441.2500888
95272.50704,398.8874179
96713.021,403.0801831
99340.09148,412.186532
100193.3577,413.8798628
95078.53015,390.901939
92965.09913,380.3608906
90511.34118,368.4592444
95061.35681,385.1190553
94706.74761,381.8290585
88607.24739,355.3991613
88368.70185,352.6096646
88888.89078,352.8528009
99438.56475,392.8983739
107939.7873,424.6595942
113027.6379,442.8423107
115029.6903,448.8430051
119301.9176,463.6699831
121719.5272,471.2212523
126425.6562,487.5920179
130797.7023,502.6159701
135758.781,519.850438
137723.5035,525.5472241
138144.7926,525.3303453
134417.1147,509.3306467
138183.3169,521.7810566
138667.5985,521.7869272
136815.9589,512.9925237
136507.8413,510.0043416
137844.7344,513.1692718
130161.2636,482.7366489
130484.2624,482.1019327
130513.0439,480.3735131
129808.6767,475.9405677
127043.8116,463.9572223
125407.5662,456.1369352
136430.673,494.3869837
137693.0044,497.12069
136737.9298,491.8247066
138499.7029,496.3012664
137523.2092,490.9293946
143713.5145,511.1476038
151316.6182,536.3079156
150029.7139,529.8614408
150860.0164,530.910783
154411.0731,541.5252288
157848.8105,551.6977235
161098.9023,561.16875
157835.6222,547.9085403
154433.7752,534.203633
156168.0313,538.3089963
165738.8012,569.4060894
174036.2662,596.0197425
174867.3797,596.9688586
185340.1224,630.8091244
197706.5154,670.9680179
203502.4707,688.6977072
203941.8816,688.2433264
209181.2569,703.9874781
205410.887,689.3509671
209716.0546,701.8445989
203639.8577,679.5539687
203273.5694,676.3736927
210265.6803,697.6791481
213666.6468,707.0015267
226492.0557,747.4848494
240264.8606,790.986461
249662.699,819.9771744
246211.0188,806.6887919
245768.5102,803.2800703
255923.3956,834.5049013
263221.1357,856.3297052
278743.1108,904.8551774
268889.0416,870.8948622
236402.0567,763.6956713
207140.3944,667.1780979
204379.227,656.2853943
212509.1252,680.3867956
219018.034,699.2162625
225129.7394,716.7160571
221998.2863,704.7244381
216407.7231,684.9410847
228422.8502,720.9211284
226766.2912,713.6361684
221938.2806,696.3774088
224710.1269,703.0067279
232482.7973,725.2429143
227603.0013,707.9216085
232518.0757,721.0902012
239497.5601,740.613
246389.1568,759.7929523
244590.7553,752.1037788
251669.0246,771.7232766
260551.7506,796.8052306
268752.2525,819.6952591
275615.2001,838.4330269
288089.0015,874.1621966
288487.9253,873.1247028
287936.2619,869.2039275
282049.4511,849.1610874
289318.1609,868.7479675
280039.2137,838.5957799
271688.7472,811.2921838
277532.2272,826.438058
277652.6525,824.4731327
287683.2758,851.9167076
295210.5776,871.8566532
294582.2915,867.6460708
268953.3378,789.8151662
255148.3755,746.9405565
247752.637,722.9501276
254578.851,740.517947
266260.5393,772.131292
262865.6333,759.9308856
292941.0235,844.5239998
301412.5435,866.5975204
307766.3351,882.5158917
306310.2389,875.9960063
306469.8035,874.1127559
308411.1345,877.305349
315748.8873,895.8323741
313418.1219,886.8756735
313528.5936,884.8528454
312666.0835,880.0950409
315359.293,885.3590703
338075.897,946.8139925
334834.9982,935.4172909
329782.3403,918.9857367
330179.9106,917.7808304
336526.7128,933.113165
330869.6454,915.1261392
336477.8922,928.3368699
338683.9275,932.1247919
339004.6382,930.7092934
333815.2878,914.174762
342534.8984,935.7702308
353989.6404,964.7768173
352756.8775,959.1373495
357587.7206,969.9944979
364006.788,985.1309591
358126.0751,966.9436379
360222.0958,970.3315959
362836.3305,975.1029866
363057.6742,973.4272528
368435.8437,985.5828459
372655.9682,994.6122438
375731.6806,1000.567348
375503.6545,997.704153
378836.3992,1004.299618
384360.9903,1016.68424
382763.9219,1010.198617
376035.341,990.1792095
362961.5503,953.4873815
366556.8148,960.6600275
369369.4391,965.7592854
366464.4585,955.8927311
376240.0224,979.124222
378301.4297,982.2241052
376376.12,974.9456832
374488.6172,967.7653109
370652.426,955.5478013
378222.5194,972.7671732
391105.8908,1003.615167
399785.6975,1023.610348
411287.689,1050.776847
424223.0589,1081.535149
436849.1853,1111.430587
452351.7224,1148.564136
453488.1055,1149.135602
469430.9478,1187.213296
472178.5006,1191.83626
483633.6753,1218.411344
500355.1771,1258.184939
498254.3014,1250.54566
525976.8908,1317.758992
522231.1144,1306.00295
521255.252,1301.190562
532511.608,1326.912535
538979.8941,1340.645394
519256.5356,1289.18405
534215.5222,1323.904463
543308.3372,1344.005557
563908.4968,1392.526605
591282.4145,1457.677226
598372.681,1472.696451
615926.7253,1513.438611
640778.1161,1572.040415
635193.2784,1555.87403
612799.6077,1498.554558
669706.7157,1635.242232
704569.862,1717.891926
744058.9238,1811.691877
745257.4683,1812.122777
752273.4676,1826.692007
762762.276,1849.667761
754445.5666,1826.995883
775286.2178,1874.947943
775684.9998,1873.39242
823819.5693,1987.121074
865986.0658,2086.305014
893832.9061,2150.854492
890213.0969,2139.594428
890162.9394,2136.911321
928797.2846,2227.086211
862997.6209,2066.732991
819724.5723,1960.517805
828282.688,1978.404534
919182.7225,2192.940716
957491.9005,2281.74843
1003379.921,2388.506342
1001497.038,2381.418691
1027657.901,2441.014682
1063598.329,2523.792638
1062547.156,2518.706329
1056046.841,2500.70571
1100498.817,2603.373257
1056431.026,2496.527266
1045114.054,2467.187935
1029976.042,2428.858457
1102511.245,2597.314376
1133478.918,2667.671533
1128778.911,2654.017018
1094325.466,2570.427841
1128152.248,2647.318823
1143555.375,2680.904589
1109795.156,2599.205383
1138925.135,2664.892743
1145943.524,2678.80138
1156704.518,2701.461166
1138280.039,2655.966141
1077065.562,2510.676728
1068128.952,2487.393861
1033258.046,2403.739895
1031432.429,2397.074459
1005372.744,2334.117255
912004.3627,2114.975589
912465.4817,2113.694597
970840.5953,2246.592511
946047.4913,2186.911189
923475.5721,2132.415958
904583.8111,2086.472835
799241.1844,1841.182394
827473.8201,1903.90125
870757.3281,2001.166987
887023.1519,2036.216212
882384.8886,2023.241804
849442.8621,1945.390892
886464.159,2027.87304
850559.5492,1943.431625
826577.198,1886.31351
777210.2366,1771.319333
692818.7434,1576.664207
698376.7582,1587.011311
664042.3245,1506.702749
653886.5315,1481.364166
697216.0239,1577.217855
691530.8735,1562.030742
686957.3464,1549.376727
637977.7308,1436.594452
642465.3015,1444.393525
677896.1436,1521.740656
715073.5134,1602.886331
755038.6371,1690.165738
758720.7909,1696.085707
754595.4689,1684.530094
775936.4898,1729.825094
792543.9482,1764.462577
804329.1941,1788.269916
829888.9479,1842.62606
866625.0594,1921.703598
871350.8196,1929.677901
852233.4274,1884.822694
857750.1655,1894.486596
830905.7882,1832.647158
851959.3273,1876.515168
834216.8025,1834.838114
822219.076,1805.827415
843329.9748,1849.550734
839778.8443,1839.121372
879414.1926,1923.270446
906728.6918,1980.331786
892635.2355,1946.845353
902453.3083,1965.53246
893178.0241,1942.590285
865853.506,1880.407849
878337.3573,1904.731442
897044.2901,1942.480579
909065.694,1965.682805
907252.0693,1958.922387
898817.1735,1937.881673
873487.9902,1880.415632
915459.9457,1967.859771
938905.2551,2015.300695
945481.9924,2026.458178
943433.1259,2019.089116
952194.0066,2034.852937
951711.5186,2030.832666
939575.5101,2001.933074
912363.695,1940.928101
916237.0076,1946.123298
935409.6398,1983.779694
963826.7624,2040.935066
1004137.569,2123.133301
1025777.718,2165.689176
1046272.421,2205.730222
1050327.636,2211.034151
1061424.854,2231.140701
1025837.84,2153.085282
1061836.438,2225.382737
1091197.014,2283.649092
1092856.28,2283.832271
1099431.957,2294.249904
1055195.026,2198.573858
1084666.647,2256.591189
1114746.329,2315.757378
1054917.441,2188.045756
1068711.626,2213.199363
992876.77,2052.688717
974529.7761,2011.28046
940788.8589,1938.173547
974810.2086,2004.796342
991449.9501,2035.563534
939884.0524,1926.256647
878145.0432,1796.301261
900274.8202,1838.126188
857822.7892,1747.996937
691574.4315,1405.760458
644394.9529,1306.34009
648832.9398,1311.800422
638920.551,1288.285238
593124.1237,1192.532982
558010.5042,1118.577538
625172.3149,1249.929442
664852.8801,1326.062413
678067.8782,1349.31304
687787.3354,1365.610776
741942.2235,1470.167797
768510.4786,1519.915071
786190.9843,1552.04744
802058.2472,1580.598594
821326.9319,1615.853334
829626.3696,1629.49356
805368.7063,1579.181748
849732.338,1663.535511
882938.1095,1725.906719
830359.3634,1620.489544
801720.6108,1561.951484
800282.7681,1556.490311
806087.5485,1565.11155
832783.9289,1614.266177
869828.809,1683.382578
891128.4874,1721.898591
922644.9831,1780.081072
950077.7459,1830.277068
975218.647,1875.96485
955071.1064,1834.462595
970054.9787,1860.479531
971896.3522,1861.225416
937321.8725,1792.189841
965556.5821,1843.321681
862770.2862,1644.216387
854680.0995,1625.892275
882327.3298,1675.526199
898702.6225,1703.611386
914957.4123,1731.357479
954534.4531,1803.159366
989928.1154,1866.908846
1010818.02,1903.182855
1007407.979,1893.612649
977436.0587,1834.084517
967610.5135,1812.415768
997526.8038,1865.165968
1025638.069,1914.412677
1051956.028,1960.188025
1050113.887,1953.342838
1025208.172,1903.523322
1050374.562,1946.685915
1092000.81,2020.24649
1108417.08,2047.027656
1135641.59,2093.693453
1153374.138,2122.725758
1204012.611,2212.226488
1187727.916,2178.574059
1225922.271,2244.859497
1227564.455,2244.05691
1240782.796,2264.373389
1270340.531,2314.435561
1322087.968,2404.80489
1342333.01,2437.697652
1350326.24,2448.24993
1343627.243,2432.109058
1371398.001,2478.361804
1369672.474,2471.19902
1385839.605,2496.295614
1427500.682,2567.232075
1449441.72,2602.541675
1445691.014,2591.610032
1470312.103,2631.51227
1435023.707,2564.07414
1525155.669,2720.781716
1543595.47,2749.278537
1533706.912,2727.195556
1570279.893,2787.726416
1561882.066,2768.291486
1572424.648,2782.425885
1579784.04,2790.886015
1567432.889,2764.485662
1566095.709,2757.518913
1530310.662,2689.866928
1463632.665,2567.986687
1527524.737,2675.374222
1575663.103,2754.930553
1563645.654,2729.114822
1460860.926,2544.904876
1451643.069,2524.018518
1537397.504,2668.296937
1573477.515,2726.093199
1562379.549,2702.040064
1573885.145,2717.107477
1628430.027,2806.412783
1646458.929,2832.608011
1635317.099,2808.554899
1625030.807,2785.986285
1647126.19,2818.932642
1711575.117,2924.275106
1726136.254,2944.20047
1765070.422,3005.647312
1794501.781,3050.782547
1786458.064,3032.110486
1815157.817,3075.799
1845746.173,3122.582966
1865286.921,3150.555867
1864346.56,3143.863359
1885207.149,3173.929834
1938004.643,3257.678519
1968778.674,3304.240151
2026755.554,3396.346135
2113801.504,3537.006556
2043538.391,3414.214583
2040267.223,3403.502388
1998394.707,3328.391468
2029177.17,3374.387448
2068776.354,3434.939152
2101364.771,3483.702536
2151697.971,3561.757058
2185329.895,3611.999064
2097540.491,3461.428474
2060925.53,3395.469263
1952552.317,3211.316668
1982686.483,3255.24425
2089448.273,3424.878754
2118226.58,3466.390244
2185544.212,3570.883815
2147518.525,3503.059306
2177275.94,3545.866677
2256860.606,3669.714008
2186255.935,3549.10719
2251966.554,3649.943888
2247071.471,3636.152649
2347980.174,3793.545345
2408171.622,3884.859298
2479168.244,3993.43337
2475438.664,3981.439236
2011548.547,3229.283986
2112548.152,3385.33692
2236880.069,3578.485269
2369498.414,3784.58113
2439515.225,3890.408503
2575150.647,4100.755354
2555427.815,4063.426915
2598444.295,4125.928567
2702828.173,4285.790068
2815308.193,4458.286802
2881732.57,4557.662657
2937437.484,4640.004009
2940720.861,4639.492362
3092384.769,4873.109008
3091117.047,4865.489555
3118114.754,4902.407149
3198427.082,5023.081805
3261607.986,5116.678524
3250053.178,5092.894891
3237871.723,5068.159951
3374940.96,5277.056368
3373555.819,5269.217459
3276790.774,5112.403798
3152912.298,4913.458678
3083630.255,4799.84576
3070178.866,4773.232687
2797671.578,4343.888769
2666815.111,4135.05248
2679548.583,4149.099482
2853345.561,4412.475056
2640042.655,4076.855701
2548128.349,3929.131307
2685542.228,4135.17946
2694135.013,4142.505888
2709579.208,4160.357416
2779358.725,4261.598481
2698590.54,4131.838367
2792315.203,4269.438485
2805857.021,4284.241715
2935060.055,4475.623382
3043030.904,4634.362844
2999584.17,4562.301005
2963627.092,4501.713657
2874733.082,4360.756938
3013110.722,4564.697633
3172216.259,4799.731754
3246908.276,4906.760465
3362452.056,5075.409264
3450516.754,5202.398972
3402471.136,5124.012418
3482336.5,5238.31756
3604784.419,5416.510793
3685951.499,5538.471586
3624862.563,5446.68
